{"GA": [0.3872523605823517, 0.5932319164276123, 0.8338848948478699, 0.8715721964836121, 0.8940596580505371, 0.042706139385700226, 0.9106954336166382, 0.8846674561500549, 0.6966231465339661, 0.761711597442627, 0.8104278445243835, 0.8739913105964661, 0.39901643991470337, 0.21965405344963074, 0.8559348583221436, 0.8002409934997559, 0.9015014171600342, 0.8364717364311218, 0.8291784524917603, 0.556783139705658, 0.8501920700073242, 0.0, 0.5256603360176086, 0.7644726634025574, 0.6964856386184692, 0.35251960158348083, 0.4626259505748749, 0.7951496243476868, 0.5984621047973633, 0.8103572130203247, 0.7772510647773743, 0.8413766622543335, 0.5393601059913635, 0.30481967329978943, 0.9003802537918091, 0.9130302667617798, 0.0, 0.8564664721488953, 0.8409749865531921, 0.8805138468742371, 0.9122676849365234, 0.26705020666122437], "Non-GA": [0.1343386322259903, 0.0, 0.05430932715535164, 0.6831058263778687, 0.7950665354728699, 0.0005147528136149049, 0.8429615497589111, 0.7147791385650635, 0.05561923235654831, 0.294520765542984, 0.0, 0.0, 0.0, 0.11487686634063721, 0.0, 0.01349810790270567, 0.8077744841575623, 0.24922119081020355, 0.005289384163916111, 0.0, 0.6680448055267334, 0.6148508191108704, 0.023868540301918983, 0.7394856214523315, 0.0, 0.6660717129707336, 0.026923758909106255, 0.0, 0.0, 0.0, 0.0, 0.7358198165893555, 0.0009346449514850974, 0.06927209347486496, 0.5897992253303528, 0.0, 0.0, 0.8269525170326233, 0.0, 0.7044283747673035, 0.05317206680774689, 0.0018957345746457577]}