{
    "app_kidney": {
        "val_meandice": 0.7911199629306793,
        "val_meandice_kidney": 0.9557469487190247,
        "val_meandice_kidney_tumor": 0.8294884562492371,
        "val_meandice_liver": 0.9557850360870361,
        "val_meandice_liver_tumor": 0.6564828753471375,
        "val_meandice_pancreas": 0.7834757566452026,
        "val_meandice_pancreas_tumor": 0.39328017830848694,
        "val_meandice_spleen": 0.9635804891586304
    },
    "app_liver": {
        "val_meandice": 0.8030219546386174,
        "val_meandice_kidney": 0.953995406627655,
        "val_meandice_kidney_tumor": 0.8152696490287781,
        "val_meandice_liver": 0.9585924744606018,
        "val_meandice_liver_tumor": 0.7114406824111938,
        "val_meandice_pancreas": 0.7817531228065491,
        "val_meandice_pancreas_tumor": 0.4374741017818451,
        "val_meandice_spleen": 0.9626282453536987
    },
    "app_pancreas": {
        "val_meandice": 0.6975158963884626,
        "val_meandice_kidney": 0.9295722246170044,
        "val_meandice_kidney_tumor": 0.19076567888259888,
        "val_meandice_liver": 0.9556178450584412,
        "val_meandice_liver_tumor": 0.6124413013458252,
        "val_meandice_pancreas": 0.772861659526825,
        "val_meandice_pancreas_tumor": 0.46041011810302734,
        "val_meandice_spleen": 0.9609424471855164
    },
    "app_server": {
        "val_meandice": 0.8037014986787524,
        "val_meandice_kidney": 0.9549643397331238,
        "val_meandice_kidney_tumor": 0.8211826086044312,
        "val_meandice_liver": 0.9580572843551636,
        "val_meandice_liver_tumor": 0.7072395086288452,
        "val_meandice_pancreas": 0.7794440388679504,
        "val_meandice_pancreas_tumor": 0.442158967256546,
        "val_meandice_spleen": 0.9628637433052063
    },
    "app_spleen": {
        "val_meandice": 0.7810018190315792,
        "val_meandice_kidney": 0.9512502551078796,
        "val_meandice_kidney_tumor": 0.7789294719696045,
        "val_meandice_liver": 0.9544607400894165,
        "val_meandice_liver_tumor": 0.6339354515075684,
        "val_meandice_pancreas": 0.7820116281509399,
        "val_meandice_pancreas_tumor": 0.40434005856513977,
        "val_meandice_spleen": 0.9620851278305054
    }
}